{
  "id": "fe5f0605-4e4d-4c0e-afb0-726a2fed10e3",
  "name": "bus-routes-duplicates",
  "isOverridable": true,
  "entries": [
    {
      "value": "1",
      "synonyms": [
        "1"
      ]
    },
    {
      "value": "2",
      "synonyms": [
        "2"
      ]
    },
    {
      "value": "3",
      "synonyms": [
        "3"
      ]
    },
    {
      "value": "6",
      "synonyms": [
        "6"
      ]
    },
    {
      "value": "7",
      "synonyms": [
        "7"
      ]
    },
    {
      "value": "8",
      "synonyms": [
        "8"
      ]
    },
    {
      "value": "9",
      "synonyms": [
        "9"
      ]
    },
    {
      "value": "11",
      "synonyms": [
        "11"
      ]
    },
    {
      "value": "12",
      "synonyms": [
        "12"
      ]
    },
    {
      "value": "16",
      "synonyms": [
        "16"
      ]
    },
    {
      "value": "17",
      "synonyms": [
        "17"
      ]
    },
    {
      "value": "18",
      "synonyms": [
        "18"
      ]
    },
    {
      "value": "W1",
      "synonyms": [
        "W1"
      ]
    }
  ],
  "isEnum": false,
  "automatedExpansion": false
}